-- Auto-generated seed SQL (deduplicated) from seed.json
-- Run this in Supabase Dashboard > SQL Editor > New Query > Run

-- regions (8 rows)
INSERT INTO regions (code, label) VALUES
  ('r1', 'R1'),
  ('r2', 'R2'),
  ('r3', 'R3'),
  ('r4', 'R4'),
  ('r5', 'R5'),
  ('r6', 'R6'),
  ('r7', 'R7'),
  ('r8', 'R8')
ON CONFLICT (code) DO UPDATE SET label = EXCLUDED.label;

-- provinces (25 rows)
INSERT INTO provinces (code, label) VALUES
  ('bmc', 'Banteay Meanchey'),
  ('btt', 'Battambang'),
  ('kc', 'Kampong Cham'),
  ('kchh', 'Kampong Chhnang'),
  ('kspe', 'Kampong Speu'),
  ('ktho', 'Kampong Thom'),
  ('kka', 'Kampot'),
  ('kd', 'Kandal'),
  ('kep', 'Kep'),
  ('kkg', 'Koh Kong'),
  ('kkr', 'Kratie'),
  ('mkiri', 'Mondul Kiri'),
  ('omeanc', 'Oddar Meanchey'),
  ('ppa', 'Pailin'),
  ('pp', 'Phnom Penh'),
  ('psihan', 'Preah Sihanouk'),
  ('pvihea', 'Preah Vihear'),
  ('pv', 'Prey Veng'),
  ('ppu', 'Pursat'),
  ('rkir', 'Ratanak Kiri'),
  ('sr', 'Siemreap'),
  ('streng', 'Stung Treng'),
  ('svr', 'Svay Rieng'),
  ('tke', 'Takeo'),
  ('tkhmu', 'Tboung Khmum')
ON CONFLICT (code) DO UPDATE SET label = EXCLUDED.label;

-- channels (4 rows)
INSERT INTO channels (code, label) VALUES
  ('off_trade', 'Off-Trade'),
  ('horeca', 'HORECA'),
  ('wedding', 'Wedding'),
  ('specialize', 'Specialize')
ON CONFLICT (code) DO UPDATE SET label = EXCLUDED.label;

-- sub_channels (3 rows)
INSERT INTO sub_channels (code, label) VALUES
  ('wholesale', 'Wholesale'),
  ('drink_shop', 'Drink Shop'),
  ('retail', 'Retail')
ON CONFLICT (code) DO UPDATE SET label = EXCLUDED.label;

-- categories (8 rows)
INSERT INTO categories (code, label) VALUES
  ('Beer', 'Beer'),
  ('ED', 'ED'),
  ('MED', 'MED'),
  ('CSD', 'CSD'),
  ('SCSD', 'SCSD'),
  ('Isotonic', 'Isotonic'),
  ('RTD Tea', 'RTD Tea'),
  ('Water', 'Water')
ON CONFLICT (code) DO UPDATE SET label = EXCLUDED.label;

-- type_selects (2 rows)
INSERT INTO type_selects (code, label) VALUES
  ('ncp', 'NCP'),
  ('ord', 'ORD')
ON CONFLICT (code) DO UPDATE SET label = EXCLUDED.label;

-- price_sources (2 rows)
INSERT INTO price_sources (code, label) VALUES
  ('company', 'Company'),
  ('wholesale', 'Wholesale')
ON CONFLICT (code) DO UPDATE SET label = EXCLUDED.label;

-- dealers (65 rows)
INSERT INTO dealers (code, label, region_code) VALUES
  ('avg4', 'AVG4', 'r8'),
  ('bke7', 'BKE7', 'r7'),
  ('bmc2', 'BMC2', 'r5'),
  ('btb1', 'BTB1', 'r4'),
  ('bti6', 'BTI6', 'r2'),
  ('bty8', 'BTY8', 'r6'),
  ('bvl6', 'BVL6', 'r4'),
  ('ca1', 'CA1', 'r1'),
  ('ca2', 'CA2', 'r1'),
  ('ca3', 'CA3', 'r1'),
  ('ca4', 'CA4', 'r1'),
  ('ca5', 'CA5', 'r1'),
  ('ca6', 'CA6', 'r1'),
  ('ca7', 'CA7', 'r1'),
  ('ca8', 'CA8', 'r1'),
  ('ca9', 'CA9', 'r1'),
  ('chk6', 'CHK6', 'r5'),
  ('cks1', 'CKS1', 'r8'),
  ('cph2', 'CPH2', 'r2'),
  ('cuk7', 'CUK7', 'r3'),
  ('kcg4', 'KCG4', 'r3'),
  ('kcm1', 'KCM1', 'r6'),
  ('kd1', 'KDL1', 'r2'),
  ('kht3', 'KHT3', 'r2'),
  ('kkg3', 'KKG3', 'r3'),
  ('tpg2', 'TPG2', 'r3'),
  ('kps7', 'KPS7', 'r3'),
  ('kpt2', 'KPT2', 'r3'),
  ('krg7', 'KRG7', 'r4'),
  ('krt1', 'KRT1', 'r7'),
  ('krv5', 'KRV5', 'r2'),
  ('ksa5', 'KSA5', 'r7'),
  ('ksm1', 'KSM1', 'r3'),
  ('ksp3', 'KSP3', 'r3'),
  ('ksv5', 'KSV5', 'r2'),
  ('ktb1', 'KTB1', 'r2'),
  ('kth2', 'KTH2', 'r5'),
  ('ktl6', 'KTL6', 'r3'),
  ('ktm8', 'KTM8', 'r5'),
  ('ktr4', 'KTR4', 'r3'),
  ('mdk2', 'MDK2', 'r7'),
  ('mmt3', 'MMT3', 'r6'),
  ('mrs5', 'MRS5', 'r4'),
  ('pkb4', 'PKB4', 'r2'),
  ('pln4', 'PLN4', 'r4'),
  ('pmr5', 'PMR5', 'r2'),
  ('pnp6', 'PNP6', 'r3'),
  ('ppr8', 'PPR8', 'r5'),
  ('ppt3', 'PPT3', 'r4'),
  ('ptm6', 'PTM6', 'r1'),
  ('puk7', 'PUK7', 'r5'),
  ('pus5', 'PUS5', 'r4'),
  ('pvh3', 'PVH3', 'r8'),
  ('rtk4', 'RTK4', 'r7'),
  ('smr5', 'SMR5', 'r8'),
  ('snl6', 'SNL6', 'r7'),
  ('sra5', 'SRA5', 'r3'),
  ('srp1', 'SRP1', 'r5'),
  ('str3', 'STR3', 'r7'),
  ('stt4', 'STT4', 'r6'),
  ('sva7', 'SVA7', 'r2'),
  ('svr4', 'SVR4', 'r2'),
  ('tak2', 'TAK2', 'r2'),
  ('tkm2', 'TKM2', 'r6'),
  ('vvg1', 'VVG1', 'r4')
ON CONFLICT (code) DO UPDATE SET label = EXCLUDED.label, region_code = EXCLUDED.region_code;

-- districts (209 rows)
INSERT INTO districts (code, label, province_code) VALUES
  ('omaec', 'Odongk Maechay', 'kspe'),
  ('as', 'Angk Snuol', 'kd'),
  ('plueu', 'Ponhea Lueu', 'kd'),
  ('praekpnov', 'Praek Pnov', 'pp'),
  ('russeykeo', 'Russey Keo', 'pp'),
  ('bkk', 'Boeng Keng Kang', 'pp'),
  ('chamkarmon', 'Chamkar Mon', 'pp'),
  ('dounpenh', 'Doun Penh', 'pp'),
  ('pmea', 'Prampir Meakkakra', 'pp'),
  ('dangkao', 'Dangkao', 'pp'),
  ('meanchey', 'Mean Chey', 'pp'),
  ('saensokh', 'Saensokh', 'pp'),
  ('kamboul', 'Kamboul', 'pp'),
  ('pursenchey', 'Pur SenChey', 'pp'),
  ('tuolkouk', 'Tuol Kouk', 'pp'),
  ('kiensvay', 'Kien Svay', 'kd'),
  ('chbarampov', 'Chbar Ampov', 'pp'),
  ('mukhkampul', 'Mukh Kampul', 'kd'),
  ('chraoychongvar', 'Chraoy Chongvar', 'pp'),
  ('kaohsoutin', 'Kaoh Soutin', 'kc'),
  ('sreisanthor', 'Srei Santhor', 'kc'),
  ('khsachkandal', 'Khsach Kandal', 'kd'),
  ('lveaaem', 'Lvea Aem', 'kd'),
  ('akreiyksatr', 'Akreiy Ksatr', 'kd'),
  ('peareang', 'Pea Reang', 'pv'),
  ('purrieng', 'Pur Rieng', 'pv'),
  ('basedth', 'Basedth', 'kspe'),
  ('kongpisei', 'Kong Pisei', 'kspe'),
  ('bati', 'Bati', 'tke'),
  ('samraong', 'Samraong', 'tke'),
  ('bavet', 'Bavet', 'svr'),
  ('chantrea', 'Chantrea', 'svr'),
  ('kampongrou', 'Kampong Rou', 'svr'),
  ('svayteab', 'Svay Teab', 'svr'),
  ('srig', 'Svay Rieng', 'svr'),
  ('kandalstueng', 'Kandal Stueng', 'kd'),
  ('sang', 'S''ang', 'kd'),
  ('takhmau', 'Ta Khmau', 'kd'),
  ('kaohthum', 'Kaoh Thum', 'kd'),
  ('leukdaek', 'Leuk Daek', 'kd'),
  ('sampeoupoun', 'Sampeou Poun', 'kd'),
  ('boreicholsar', 'Borei Cholsar', 'tke'),
  ('kaohandaet', 'Kaoh Andaet', 'tke'),
  ('kirivong', 'Kiri Vong', 'tke'),
  ('treang', 'Treang', 'tke'),
  ('kampongtrabaek', 'Kampong Trabaek', 'pv'),
  ('mesang', 'Me Sang', 'pv'),
  ('preahsdach', 'Preah Sdach', 'pv'),
  ('angkorborei', 'Angkor Borei', 'tke'),
  ('preykabbas', 'Prey Kabbas', 'tke'),
  ('baphnum', 'Ba Phnum', 'pv'),
  ('peamchor', 'Peam Chor', 'pv'),
  ('peamro', 'Peam Ro', 'pv'),
  ('kamchaymear', 'Kamchay Mear', 'pv'),
  ('kanhchriech', 'Kanhchriech', 'pv'),
  ('sithorkandal', 'Sithor Kandal', 'pv'),
  ('pvg', 'Prey Veng', 'pv'),
  ('svayantor', 'Svay Antor', 'pv'),
  ('romeashaek', 'Romeas Haek', 'svr'),
  ('rumduol', 'Rumduol', 'svr'),
  ('svaychrum', 'Svay Chrum', 'svr'),
  ('dounkaev', 'Doun Kaev', 'tke'),
  ('tramkak', 'Tram Kak', 'tke'),
  ('chhuk', 'Chhuk', 'kka'),
  ('chumkiri', 'Chum Kiri', 'kka'),
  ('dangtong', 'Dang Tong', 'kka'),
  ('kamt', 'Kampot', 'kka'),
  ('baribour', 'Baribour', 'kchh'),
  ('kampongleaeng', 'Kampong Leaeng', 'kchh'),
  ('kampongchh', 'Kampong Chhnang', 'kchh'),
  ('roleabier', 'Rolea B''ier', 'kchh'),
  ('tuekphos', 'Tuek Phos', 'kchh'),
  ('botumsakor', 'Botum Sakor', 'kkg'),
  ('khemaraphoumin', 'Khemara Phoumin', 'kkg'),
  ('kirisakor', 'Kiri Sakor', 'kkg'),
  ('mondolseima', 'Mondol Seima', 'kkg'),
  ('thmabang', 'Thma Bang', 'kkg'),
  ('phnumsruoch', 'Phnum Sruoch', 'kspe'),
  ('samraongtong', 'Samraong Tong', 'kspe'),
  ('bokor', 'Bokor', 'kka'),
  ('tuekchhou', 'Tuek Chhou', 'kka'),
  ('kampongsoam', 'Kampong Soam', 'psihan'),
  ('kaohrung', 'Kaoh Rung', 'psihan'),
  ('preynob', 'Prey Nob', 'psihan'),
  ('preahsiha', 'Preah Sihanouk', 'psihan'),
  ('aoral', 'Aoral', 'kspe'),
  ('chbarmon', 'Chbar Mon', 'kspe'),
  ('samkkeimunichay', 'Samkkei Munichay', 'kspe'),
  ('thpong', 'Thpong', 'kspe'),
  ('cholkiri', 'Chol Kiri', 'kchh'),
  ('kampongtralach', 'Kampong Tralach', 'kchh'),
  ('sameakkimeanchey', 'Sameakki Mean Chey', 'kchh'),
  ('angkorchey', 'Angkor Chey', 'kka'),
  ('banteaymeas', 'Banteay Meas', 'kka'),
  ('damnakchangaeur', 'Damnak Chang''aeur', 'kep'),
  ('kaeb', 'Kaeb', 'kep'),
  ('kagtrach', 'Kampong Trach', 'kka'),
  ('kampongseila', 'Kampong Seila', 'psihan'),
  ('stuenghav', 'Stueng Hav', 'psihan'),
  ('sraeambel', 'Srae Ambel', 'kkg'),
  ('aekphnum', 'Aek Phnum', 'btt'),
  ('banan', 'Banan', 'btt'),
  ('battambangd', 'Battambang', 'btt'),
  ('koaskrala', 'Koas Krala', 'btt'),
  ('sangkae', 'Sangkae', 'btt'),
  ('thmakoul', 'Thma Koul', 'btt'),
  ('bavel', 'Bavel', 'btt'),
  ('rotonakmondol', 'Rotonak Mondol', 'btt'),
  ('kamrieng', 'Kamrieng', 'btt'),
  ('phnumproek', 'Phnum Proek', 'btt'),
  ('sampovlun', 'Sampov Lun', 'btt'),
  ('moungruessei', 'Moung Ruessei', 'btt'),
  ('rukhkiri', 'Rukh Kiri', 'btt'),
  ('bakan', 'Bakan', 'ppu'),
  ('samlout', 'Samlout', 'btt'),
  ('salakrau', 'Sala Krau', 'ppa'),
  ('pail', 'Pailin', 'ppa'),
  ('malai', 'Malai', 'bmc'),
  ('ouchrov', 'Ou Chrov', 'bmc'),
  ('paoypaet', 'Paoy Paet', 'bmc'),
  ('kandieng', 'Kandieng', 'ppu'),
  ('krakor', 'Krakor', 'ppu'),
  ('purs', 'Pursat', 'ppu'),
  ('phnumkravanh', 'Phnum Kravanh', 'ppu'),
  ('talousenchey', 'Ta Lou Senchey', 'ppu'),
  ('vealveaeng', 'Veal Veaeng', 'ppu'),
  ('mongkolborei', 'Mongkol Borei', 'bmc'),
  ('sereisaophoan', 'Serei Saophoan', 'bmc'),
  ('svaychek', 'Svay Chek', 'bmc'),
  ('thmapuok', 'Thma Puok', 'bmc'),
  ('chikraeng', 'Chi Kraeng', 'sr'),
  ('soutrnikom', 'Soutr Nikom', 'sr'),
  ('svayleu', 'Svay Leu', 'sr'),
  ('kampongsvay', 'Kampong Svay', 'ktho'),
  ('prasatballangk', 'Prasat Ballangk', 'ktho'),
  ('prasatsambour', 'Prasat Sambour', 'ktho'),
  ('sandan', 'Sandan', 'ktho'),
  ('santuk', 'Santuk', 'ktho'),
  ('stoung', 'Stoung', 'ktho'),
  ('stuengsaen', 'Stueng Saen', 'ktho'),
  ('baray', 'Baray', 'ktho'),
  ('taingkouk', 'Taing Kouk', 'ktho'),
  ('phnumsrok', 'Phnum Srok', 'bmc'),
  ('preahnetrpreah', 'Preah Netr Preah', 'bmc'),
  ('angkorchum', 'Angkor Chum', 'sr'),
  ('kralanh', 'Kralanh', 'sr'),
  ('puok', 'Puok', 'sr'),
  ('siemreapd', 'Siem Reap', 'sr'),
  ('sreisnam', 'Srei Snam', 'sr'),
  ('angkorthum', 'Angkor Thum', 'sr'),
  ('banteaysrei', 'Banteay Srei', 'sr'),
  ('prasatbakong', 'Prasat Bakong', 'sr'),
  ('runtaaektechosen', 'Run Ta Aek Techo Sen', 'sr'),
  ('varin', 'Varin', 'sr'),
  ('batheay', 'Batheay', 'kc'),
  ('cheungprey', 'Cheung Prey', 'kc'),
  ('kangmeas', 'Kang Meas', 'kc'),
  ('preychhor', 'Prey Chhor', 'kc'),
  ('kampongsiem', 'Kampong Siem', 'kc'),
  ('kamgcham', 'Kampong Cham', 'kc'),
  ('dambae', 'Dambae', 'tkhmu'),
  ('memot', 'Memot', 'tkhmu'),
  ('ponheakraek', 'Ponhea Kraek', 'tkhmu'),
  ('chamkarleu', 'Chamkar Leu', 'kc'),
  ('stuengtrang', 'Stueng Trang', 'kc'),
  ('krouchchhmar', 'Krouch Chhmar', 'tkhmu'),
  ('oureangov', 'Ou Reang Ov', 'tkhmu'),
  ('suong', 'Suong', 'tkhmu'),
  ('tbogkhm', 'Tboung Khmum', 'tkhmu'),
  ('andoungmeas', 'Andoung Meas', 'rkir'),
  ('barkaev', 'Bar Kaev', 'rkir'),
  ('lumphat', 'Lumphat', 'rkir'),
  ('ouyadav', 'Ou Ya Dav', 'rkir'),
  ('chetrborei', 'Chetr Borei', 'kkr'),
  ('chhloung', 'Chhloung', 'kkr'),
  ('kracheh', 'Kracheh', 'kkr'),
  ('oukriengsaenchey', 'Ou Krieng Saenchey', 'kkr'),
  ('prekprasab', 'Prek Prasab', 'kkr'),
  ('sambour', 'Sambour', 'kkr'),
  ('snuol', 'Snuol', 'kkr'),
  ('kaevseima', 'Kaev Seima', 'mkiri'),
  ('kaohnheaek', 'Kaoh Nheaek', 'mkiri'),
  ('oureang', 'Ou Reang', 'mkiri'),
  ('pechchreada', 'Pech Chreada', 'mkiri'),
  ('saenmonourom', 'Saen Monourom', 'mkiri'),
  ('banlung', 'Ban Lung', 'rkir'),
  ('kounmom', 'Koun Mom', 'rkir'),
  ('ouchum', 'Ou Chum', 'rkir'),
  ('taveaeng', 'Ta Veaeng', 'rkir'),
  ('veunsai', 'Veun Sai', 'rkir'),
  ('boreiousvaysenchey', 'Borei Ou Svay Senchey', 'streng'),
  ('sesan', 'Sesan', 'streng'),
  ('siembouk', 'Siem Bouk', 'streng'),
  ('siempang', 'Siem Pang', 'streng'),
  ('stuengtraeng', 'Stueng Traeng', 'streng'),
  ('thalabarivat', 'Thala Barivat', 'streng'),
  ('anlongveaeng', 'Anlong Veaeng', 'omeanc'),
  ('trapeangprasat', 'Trapeang Prasat', 'omeanc'),
  ('choamksant', 'Choam Ksant', 'pvihea'),
  ('cheysaen', 'Chey Saen', 'pvihea'),
  ('chhaeb', 'Chhaeb', 'pvihea'),
  ('kuleaen', 'Kuleaen', 'pvihea'),
  ('rovieng', 'Rovieng', 'pvihea'),
  ('sangkumthmei', 'Sangkum Thmei', 'pvihea'),
  ('tbaengmeanchey', 'Tbaeng Mean Chey', 'pvihea'),
  ('prvih', 'Preah Vihear', 'pvihea'),
  ('banteayampil', 'Banteay Ampil', 'omeanc'),
  ('chongkal', 'Chong Kal', 'omeanc'),
  ('kgsr', 'Krong Samraong', 'omeanc')
ON CONFLICT (code) DO UPDATE SET label = EXCLUDED.label, province_code = EXCLUDED.province_code;

-- brands (194 rows)
INSERT INTO brands (code, label, category_code) VALUES
  ('beer_abc_can_330ml', 'ABC Can 330ml', 'Beer'),
  ('beer_abc_pint_330ml', 'ABC Pint 330ml', 'Beer'),
  ('beer_abc_extra_stout_can_330ml', 'ABC Extra Stout Can 330ml', 'Beer'),
  ('beer_abc_extra_stout_pint_330ml', 'ABC Extra Stout Pint 330ml', 'Beer'),
  ('beer_abc_smooth_stout_can_330ml', 'ABC Smooth Stout Can 330ml', 'Beer'),
  ('beer_abc_smooth_stout_pint_330ml', 'ABC Smooth Stout Pint 330ml', 'Beer'),
  ('beer_anchor_can_330ml', 'Anchor Can 330ml', 'Beer'),
  ('beer_anchor_pint_330ml', 'Anchor Pint 330ml', 'Beer'),
  ('beer_anchor_white_pint_330ml', 'Anchor White Pint 330ml', 'Beer'),
  ('beer_anchor_white_can_330ml', 'Anchor White Can 330ml', 'Beer'),
  ('beer_anchor_ultra_can_330ml', 'Anchor Ultra Can 330ml', 'Beer'),
  ('beer_angkor_can_330ml', 'Angkor Can 330ml', 'Beer'),
  ('beer_angkor_pint_330ml', 'Angkor Pint 330ml', 'Beer'),
  ('beer_angkor_sky_can_330ml', 'Angkor Sky Can 330ml', 'Beer'),
  ('beer_barrley_black_can_330ml', 'Barrley Black Can 330ml', 'Beer'),
  ('beer_black_panther_can_330ml', 'Black Panther Can 330ml', 'Beer'),
  ('beer_cambodia_can_330ml', 'Cambodia Beer Can 330ml', 'Beer'),
  ('beer_cambodia_pint_330ml', 'Cambodia Beer Pint 330ml', 'Beer'),
  ('beer_cambodia_lite_can_330ml', 'Cambodia Lite Beer Can 330ml', 'Beer'),
  ('beer_cambodia_lite_pint_330ml', 'Cambodia Lite Beer Pint 330ml', 'Beer'),
  ('beer_cambodia_premium_draft_pint_330ml', 'Cambodia Premium Draft Beer Pint 330ml', 'Beer'),
  ('beer_cambodia_black_can_330ml', 'Cambodia Black Beer Can 330ml', 'Beer'),
  ('beer_cambodia_black_pint_330ml', 'Cambodiia Black Beer Pint 330ml', 'Beer'),
  ('beer_chang_can_330ml', 'Chang Can 330ml', 'Beer'),
  ('beer_clasei_can_330ml', 'Clasei Can 330ml', 'Beer'),
  ('beer_dragon_can_330ml', 'Dragon Can 330ml', 'Beer'),
  ('beer_dragon_nitro_can_330ml', 'Dragon Nitro Can 330ml', 'Beer'),
  ('beer_dragon_nitro_pint_330ml', 'Dragon Nitro Pint 330ml', 'Beer'),
  ('beer_dragon_silver_can_330ml', 'Dragon Silver Can 330ml', 'Beer'),
  ('beer_ganzberg_can_330ml', 'Ganzberg Can 330ml', 'Beer'),
  ('beer_ganzberg_gold_lite_can_330ml', 'Ganzberg Gold Lite Can 330ml', 'Beer'),
  ('beer_ganzberg_snow_can_330ml', 'Ganzberg Snow Can 330ml', 'Beer'),
  ('beer_greet_can_330ml', 'Greet Can 330ml', 'Beer'),
  ('beer_greet_lite_can_330ml', 'Greet Lite Can 330ml', 'Beer'),
  ('beer_guiness_can_330ml', 'Guiness Can 330ml', 'Beer'),
  ('beer_hanuman_can_330ml', 'Hanuman Can 330ml', 'Beer'),
  ('beer_hanuman_pint_330ml', 'Hanuman Pint 330ml', 'Beer'),
  ('beer_hanuman_lite_can_330ml', 'Hanuman Lite Can 330ml', 'Beer'),
  ('beer_hanuman_black_can_330ml', 'Hanuman Black Can 330ml', 'Beer'),
  ('beer_hanuman_black_pint_330ml', 'Hanuman Black Pint 330ml', 'Beer'),
  ('beer_krud_can_330ml', 'Krud Can 330ml', 'Beer'),
  ('beer_krud_pint_330ml', 'Krud Pint 330ml', 'Beer'),
  ('beer_krud_lite_can_330ml', 'Krud Lite Can 330ml', 'Beer'),
  ('beer_krud_lite_pint_330ml', 'Krud Lite Pint 330ml', 'Beer'),
  ('beer_singha_can_330ml', 'Singha Beer Can 330ml', 'Beer'),
  ('beer_singha_pint_330ml', 'Signha Beer Pint 330ml', 'Beer'),
  ('beer_tiger_can_330ml', 'Tiger Can 330ml', 'Beer'),
  ('beer_tiger_pint_330ml', 'Tiger Pint 330ml', 'Beer'),
  ('beer_tiger_crystal_can_330ml', 'Tiger Crystal Can 330ml', 'Beer'),
  ('beer_tiger_crystal_pint_330ml', 'Tiger Crystal Pint 330ml', 'Beer'),
  ('beer_vattanac_can_330ml', 'Vattanac Can 330ml', 'Beer'),
  ('beer_vattanac_pint_330ml', 'Vattanac Pint 330ml', 'Beer'),
  ('beer_vattanac_lagerade_can_330ml', 'Vattanac Lagerade Can 330ml', 'Beer'),
  ('beer_vattanac_premium_light_can_330ml', 'Vattanac Premium Light Can 330ml', 'Beer'),
  ('beer_vattanac_premium_light_pint_330ml', 'Vattanac Premium Light Pint 330ml', 'Beer'),
  ('beer_vattanac_premium_light_can_250ml', 'Vattanac Premium Light Can 250ml', 'Beer'),
  ('beer_umai_mugi_can_330ml', 'Umai Mugi Can 330ml', 'Beer'),
  ('csd_7up_can_330ml', '7up Can 330ml', 'CSD'),
  ('csd_big_cola_pet_320ml', 'Big Cola PET 320ml', 'CSD'),
  ('csd_big_cola_pet_1500ml', 'Big Cola PET 1.5L', 'CSD'),
  ('csd_big_cola_pet_3100ml', 'Big Cola PET 3.1L', 'CSD'),
  ('csd_cocacola_can_185ml', 'Coca-Cola Can 185ml', 'CSD'),
  ('csd_cocacola_can_330ml', 'Coca-Cola Can 330ml', 'CSD'),
  ('csd_cocacola_pet_1500ml', 'Coca-Cola PET 1.5L', 'CSD'),
  ('csd_cocacola_pet_580ml', 'Coca-Cola PET 580ml', 'CSD'),
  ('csd_cambodia_cola_can_250ml', 'Cambodia Cola Can 250ml', 'CSD'),
  ('csd_cambodia_cola_can_330ml', 'Cambodia Cola Can 330ml', 'CSD'),
  ('csd_est_cola_pet_1500ml', 'Est Cola PET 1.5L', 'CSD'),
  ('csd_est_cola_can_325ml', 'Est Cola Can 325ml', 'CSD'),
  ('csd_fanta_sprite_can_330ml', 'Fanta & Sprite Can 330ml', 'CSD'),
  ('csd_fanta_sprite_can_185ml', 'Fanta & Sprite Can 185ml', 'CSD'),
  ('csd_ize_cola_can_330ml', 'IZE Cola Can 330ml', 'CSD'),
  ('csd_ize_cola_can_250ml', 'IZE Cola Can 250ml', 'CSD'),
  ('csd_ize_cola_pet_300ml', 'IZE Cola PET 300ml', 'CSD'),
  ('csd_ize_cola_pet_500ml', 'IZE Cola PET 500ml', 'CSD'),
  ('csd_ize_cola_pet_1500ml', 'IZE Cola PET 1.5L', 'CSD'),
  ('csd_krud_cola_can_250ml', 'Krud Cola Can 250ml', 'CSD'),
  ('csd_mirinda_can_330ml', 'Mirinda Can 330ml', 'CSD'),
  ('csd_mirinda_can_185ml', 'Mirinda Can 185ml', 'CSD'),
  ('csd_pepsi_can_330ml', 'Pepsi Can 330ml', 'CSD'),
  ('csd_pepsi_can_185ml', 'Pepsi Can 185ml', 'CSD'),
  ('ed_bacchus_can_250ml', 'Bacchus Can 250ml', 'ED'),
  ('ed_boostrong_can_250ml', 'Boostrong Can 250ml', 'ED'),
  ('ed_super_boostrong_can_250ml', 'Super Boostrong Can 250ml', 'ED'),
  ('ed_dazz_can_250ml', 'DAZZ Can 250ml', 'ED'),
  ('ed_dazz_zero_can_250ml', 'DAZZ Zero Can 250ml', 'ED'),
  ('ed_greet_energy_can_250ml', 'Greet Energy Can 250ml', 'ED'),
  ('ed_krud_energy_can_250ml', 'Krud Energy Can 250ml', 'ED'),
  ('ed_krud_pure_charge_can_250ml', 'Krud Pure Charge Can 250ml', 'ED'),
  ('ed_m150_can_250ml', 'M-150 Can 250ml', 'ED'),
  ('ed_m150_pint_150ml', 'M-150 Pint 150ml', 'ED'),
  ('ed_powaram_can_330ml', 'POWARAM Can 330ml', 'ED'),
  ('ed_redbull_can_250ml', 'Red-Bull Can 250ml', 'ED'),
  ('ed_wurkz_can_250ml', 'Wurkz Can 250ml', 'ED'),
  ('ed_dragon_can_250ml', 'Dragon Can 250ml', 'ED'),
  ('ed_aira_can_250ml', 'Aira Can 250ml', 'ED'),
  ('ed_sting_power_can_250ml', 'Sting Power Can 250ml', 'ED'),
  ('ed_kingkong_can_250ml', 'King Kong Can 250ml', 'ED'),
  ('ed_champion_green_can_250ml', 'Champion Green Can 250ml', 'ED'),
  ('ed_cambodia_energy_can_250ml', 'Cambodia ED Can 250ml', 'ED'),
  ('isotonic_pocari_sweat_pet_500ml', 'Pocari Sweat PET 500ml', 'Isotonic'),
  ('isotonic_vactive_white_pet_350ml', 'V-Active PET 350ml', 'Isotonic'),
  ('isotonic_vactive_white_pet_600ml', 'V-Active PET 600ml', 'Isotonic'),
  ('isotonic_vactive_white_can_330ml', 'V-Active Can 330ml', 'Isotonic'),
  ('isotonic_vactive_yellow_can_330ml', 'V-Active Yellow Can 330ml', 'Isotonic'),
  ('isotonic_vactive_yellow_pet_350ml', 'V-Active Yellow PET 350ml', 'Isotonic'),
  ('isotonic_vactive_yellow_pet_600ml', 'V-Active Yellow PET 600ml', 'Isotonic'),
  ('isotonic_cambodia_sport_pet_300ml', 'Cambodia Sport+ PET 300ml', 'Isotonic'),
  ('isotonic_cambodia_sport_pet_500ml', 'Cambodia Sport+ PET 500ml', 'Isotonic'),
  ('med_champion_can_250ml', 'Champion Can 250ml', 'MED'),
  ('med_krud_ice_power_can_250ml', 'Krud Ice Power Can 250ml', 'MED'),
  ('med_vigor_can_250ml', 'Vigor Can 250ml', 'MED'),
  ('med_wurkz_ice_can_250ml', 'Wurkz ICE Can 250ml', 'MED'),
  ('rtd_tea_ichitan_pet_500ml', 'Ichitan PET 500ml', 'RTD Tea'),
  ('rtd_tea_oishi_pet_500ml', 'Oishi PET 500ml', 'RTD Tea'),
  ('rtd_tea_ad_pet_500ml', 'AD PET 500ml', 'RTD Tea'),
  ('rtd_tea_v_lemon_pet_500ml', 'V Lemon PET 500ml', 'RTD Tea'),
  ('rtd_tea_yoes_can_330ml', 'Yeo''s Green Tea Can 330ml', 'RTD Tea'),
  ('rtd_tea_c2_lemon_pet_455ml', 'C2 Lemon Tea PET 455ml', 'RTD Tea'),
  ('scsd_exprez_strawberry_can_330ml', 'Exprez Strawberry Can 330ml', 'SCSD'),
  ('scsd_exprez_strawberry_pet_300ml', 'Exprez Strawberry PET 300ml', 'SCSD'),
  ('scsd_exprez_strawberry_pet_500ml', 'Exprez Strawberry PET 500ml', 'SCSD'),
  ('scsd_exprez_melon_can_330ml', 'Exprez Melon Can 330ml', 'SCSD'),
  ('scsd_exprez_melon_pet_300ml', 'Exprez Melon PET 300ml', 'SCSD'),
  ('scsd_idol_can_330ml', 'Idol Can 330ml', 'SCSD'),
  ('scsd_samurai_can_330ml', 'Samurai Can 330ml', 'SCSD'),
  ('scsd_samurai_pet_480ml', 'Samurai PET 480ml', 'SCSD'),
  ('scsd_sting_red_can_330ml', 'Sting Red Can 330ml', 'SCSD'),
  ('scsd_sting_red_pet_500ml', 'Sting Red PET 500ml', 'SCSD'),
  ('scsd_sting_yellow_can_330ml', 'Sting Yellow Can 330ml', 'SCSD'),
  ('scsd_sting_yellow_pet_500ml', 'Sting Yellow PET 500ml', 'SCSD'),
  ('scsd_sting_blue_charge_can_330ml', 'Sting Blue Can 330ml', 'SCSD'),
  ('scsd_top_upp_can_330ml', 'Top Upp Can 330ml', 'SCSD'),
  ('scsd_popz_pet_330ml', 'POPZ PET 330ml', 'SCSD'),
  ('juice_freshy_can_330ml', 'Freshy Can 330ml', 'Juice'),
  ('juice_yoes_can_300ml', 'Yoe''s Can 300ml', 'Juice'),
  ('juice_eragold_can_300ml', 'Eragold Can 300ml', 'Juice'),
  ('juice_dayday_can_300ml', 'Day Day Can 300ml', 'Juice'),
  ('juice_yengo_can_300ml', 'Yengo Can 300ml', 'Juice'),
  ('juice_funfun_pet_100ml', 'Fun Fun PET 100ml', 'Juice'),
  ('juice_dili_pet_500ml', 'Dili PET 500ml', 'Juice'),
  ('milk_olatte_can_240ml', 'Olatte Can 240ml', 'Milk'),
  ('water_angkor_puro_pet_350ml', 'Angkor Puro PET 350ml', 'Water'),
  ('water_angkor_puro_pet_500ml', 'Angkor Puro PET 500ml', 'Water'),
  ('water_angkor_puro_pet_1500ml', 'Angkor Puro PET 1.5L', 'Water'),
  ('water_aruna_pet_500ml', 'Aruna PET 500ml', 'Water'),
  ('water_aruna_pet_1500ml', 'Aruna PET 1.5L', 'Water'),
  ('water_bn_pet_630ml', 'BN Water PET 630ml', 'Water'),
  ('water_bn_pet_1500ml', 'BN Water PET 1.5L', 'Water'),
  ('water_cambodia_pet_350ml', 'Cambodia Water PET 350ml', 'Water'),
  ('water_cambodia_pet_500ml', 'Cambodia Water PET 500ml', 'Water'),
  ('water_cambodia_pet_1500ml', 'Cambodia Water PET 1.5L', 'Water'),
  ('water_colee_pet_300ml', 'Colee Water PET 300ml', 'Water'),
  ('water_colee_pet_500ml', 'Colee Water PET 500ml', 'Water'),
  ('water_colee_pet_1500ml', 'Colee Water PET 1.5L', 'Water'),
  ('water_dasani_pet_500ml', 'Dasani PET 500ml', 'Water'),
  ('water_dasani_pet_1500ml', 'Dasani PET 1.5L', 'Water'),
  ('water_hitech_pet_250ml', 'Hi-Tech PET 250ml', 'Water'),
  ('water_hitech_pet_350ml', 'Hi-Tech PET 350ml', 'Water'),
  ('water_hitech_pet_600ml', 'Hi-Tech PET 600ml', 'Water'),
  ('water_hitech_pet_1500ml', 'Hi-Tech PET 1.5L', 'Water'),
  ('water_lyyon_pet_500ml', 'Lyyon PET 500ml', 'Water'),
  ('water_lyyon_pet_1500ml', 'Lyyon PET 1.5L', 'Water'),
  ('water_namthip_pet_550ml', 'Namthip PET 550ml', 'Water'),
  ('water_oral_pet_500ml', 'Oral PET 500ml', 'Water'),
  ('water_provida_pet_250ml', 'Provida PET 250ml', 'Water'),
  ('water_provida_pet_330ml', 'Provida PET 330ml', 'Water'),
  ('water_provida_pet_500ml', 'Provida PET 500ml', 'Water'),
  ('water_provida_pet_1500ml', 'Provida PET 1.5L', 'Water'),
  ('water_singha_pet_600ml', 'Singha Water PET 600ml', 'Water'),
  ('water_singha_pet_1500ml', 'Singha Water PET 1.5L', 'Water'),
  ('water_vital_pet_250ml', 'Vital PET 250ml', 'Water'),
  ('water_vital_pet_350ml', 'Vital PET 350ml', 'Water'),
  ('water_vital_pet_500ml', 'Vital PET 500ml', 'Water'),
  ('water_vital_pet_1500ml', 'Vital PET 1.5L', 'Water'),
  ('water_eragold_pet_300ml', 'Eragold PET 300ml', 'Water'),
  ('water_eragold_pet_500ml', 'Eragold PET 500ml', 'Water'),
  ('water_eragold_pet_1500ml', 'Eragold PET 1500ml', 'Water'),
  ('water_bokor_pet_330ml', 'Bokor PET 330ml', 'Water'),
  ('water_bokor_pet_500ml', 'Bokor PET 500ml', 'Water'),
  ('water_bokor_pet_1500ml', 'Bokor PET 1500ml', 'Water'),
  ('water_bokor_pet_2000ml', 'Bokor PET 2000ml', 'Water'),
  ('water_ganzberg_pet_350ml', 'Ganzberg PET 350ml', 'Water'),
  ('water_ganzberg_pet_500ml', 'Ganzberg PET 500ml', 'Water'),
  ('water_ganzberg_pet_1500ml', 'Ganzberg PET 1500ml', 'Water'),
  ('water_kulen_pet_330ml', 'Kulen PET 3300ml', 'Water'),
  ('water_kulen_pet_500ml', 'Kulen PET 500ml', 'Water'),
  ('water_kulen_pet_700ml', 'Kulen PET 700ml', 'Water'),
  ('water_kulen_pet_1500ml', 'Kulen PET 1500ml', 'Water'),
  ('water_kulen_pet_2000ml', 'Kulen PET 2000ml', 'Water'),
  ('water_elan_pet_300ml', 'Elan PET 300ml', 'Water'),
  ('water_elan_pet_500ml', 'Elan PET 500ml', 'Water'),
  ('water_elan_pet_1500ml', 'Elan PET 1500ml', 'Water'),
  ('water_ganzberg_pet_330ml', 'Ganzberg PET 330ml', 'Water')
ON CONFLICT (code) DO UPDATE SET label = EXCLUDED.label, category_code = EXCLUDED.category_code;

-- district_dealers (72 rows)
INSERT INTO district_dealers (district_code, dealer_code) VALUES
  ('omaec', 'ca1'),
  ('as', 'ca1'),
  ('plueu', 'ca1'),
  ('praekpnov', 'ca1'),
  ('praekpnov', 'ca5'),
  ('praekpnov', 'ca7'),
  ('russeykeo', 'ca1'),
  ('dounpenh', 'ca2'),
  ('dangkao', 'ca3'),
  ('dangkao', 'ca4'),
  ('saensokh', 'ca3'),
  ('saensokh', 'ca5'),
  ('kamboul', 'ca4'),
  ('pursenchey', 'ca4'),
  ('pursenchey', 'ca7'),
  ('kiensvay', 'ca6'),
  ('kaohsoutin', 'ptm6'),
  ('kaohsoutin', 'kcm1'),
  ('peareang', 'ptm6'),
  ('purrieng', 'ptm6'),
  ('basedth', 'bti6'),
  ('kongpisei', 'bti6'),
  ('kongpisei', 'kd1'),
  ('bati', 'bti6'),
  ('samraong', 'bti6'),
  ('samraong', 'pkb4'),
  ('srig', 'cph2'),
  ('sang', 'kd1'),
  ('sang', 'kht3'),
  ('leukdaek', 'kht3'),
  ('treang', 'krv5'),
  ('preahsdach', 'ktb1'),
  ('kanhchriech', 'sva7'),
  ('sithorkandal', 'sva7'),
  ('chhuk', 'cuk7'),
  ('dangtong', 'cuk7'),
  ('kamt', 'cuk7'),
  ('roleabier', 'kcg4'),
  ('botumsakor', 'kkg3'),
  ('thmabang', 'kkg3'),
  ('phnumsruoch', 'kps7'),
  ('phnumsruoch', 'ksp3'),
  ('samraongtong', 'kps7'),
  ('kampongsoam', 'ksm1'),
  ('preynob', 'ksm1'),
  ('cholkiri', 'ktl6'),
  ('kampongseila', 'pnp6'),
  ('banan', 'btb1'),
  ('koaskrala', 'btb1'),
  ('sangkae', 'btb1'),
  ('thmakoul', 'btb1'),
  ('rotonakmondol', 'bvl6'),
  ('bakan', 'mrs5'),
  ('samlout', 'pln4'),
  ('phnumkravanh', 'pus5'),
  ('mongkolborei', 'bmc2'),
  ('svaychek', 'bmc2'),
  ('sandan', 'kth2'),
  ('santuk', 'kth2'),
  ('siemreapd', 'srp1'),
  ('kangmeas', 'bty8'),
  ('preychhor', 'bty8'),
  ('dambae', 'mmt3'),
  ('memot', 'mmt3'),
  ('ponheakraek', 'mmt3'),
  ('lumphat', 'bke7'),
  ('chetrborei', 'krt1'),
  ('oukriengsaenchey', 'krt1'),
  ('sambour', 'krt1'),
  ('snuol', 'ksa5'),
  ('kaevseima', 'mdk2'),
  ('kgsr', 'avg4')
ON CONFLICT (district_code, dealer_code) DO NOTHING;

